ID,销量,链接
1731421545690796125,300,https://www.tiktok.com/shop/pdp/handcrafted-crystal-mochi-ball-trio-stress-relief-toy-set/1731421545690796125
1729976263197299182,300,https://www.tiktok.com/shop/pdp/sray-for-car-seat-by-travel-buddy-360-cup-holder-organizer/1729976263197299182
1731724410459951389,300,https://www.tiktok.com/shop/pdp/personalized-wooden-door-hanger-customizable-welcome-sign/1731724410459951389
1731322301441086314,200,https://www.tiktok.com/shop/pdp/t-shirt-unisex-korean-style-oversized-graphic-print-comfortable/1731322301441086314
1730797271843312140,300,https://www.tiktok.com/shop/pdp/electric-wiggle-car-by-unbranded-12v-ride-on-toy-with-bluetooth-music/1730797271843312140
1731925480656244950,500,https://www.tiktok.com/shop/pdp/womens-thermal-lined-high-stretch-for-warmth-comfort/1731925480656244950
,,
,,
,,
,,
,,
,,
,,
,,
,,
