ASIN,商品标题,大类目,月销量
B0FZRXC3QP,EPUMP Shell Painting Kit for Kids - Glow in The Dark Arts and Crafts Supplies Kits for Girls Boys - Kids Activities Creative Art Set Birthday Gifts DIY Paint Toys for Age 6 7 8 9 10 11 12 Years Old,Toys & Games,436
B0FY6DY2X7,"New Years Decorations 2026, New Years Eve Party Supplies 2026 with Happy New Year Banner Silver Fringe Curtains 32inch 2026 Balloons Hats Glasses Noise Makers for NYE Decorations 2026",Toys & Games,436
B0FW54CXNF,"Turbojet Engine Building Blocks Sets, Motorized Jet Engine Model Kit with Motor, Mini Aircraft Engine Kits That Runs with Spinning Fan & Moving Turbine, for Adults & Kids 12+",Toys & Games,495
B0DJM728NQ,"HOWAF 36 Pcs New Year Eve Party Supplies 2026, New Years Hats Headband Cone Hats Glitter Paper Eyeglasses Noise Makers White Gold New Years Decorations 2026 for NYE Party Favor Accessories",Toys & Games,375
B0G135PT2F,"Christmas Elf Doll Ornaments, Handmade ElfDoll Decoration, Hip Hop Do-ll Christmas Ornaments Plush Doll Toy forChristmas Party Holiday Home Garden Decor (Green)",Toys & Games,402
B0FJ2BTW7R,"2026 New Years Decorations Kit, Happy New Year Balloon 2026 New Years Eve Party Supplies 2026 Set with 2026 Balloons,Happy New Year Banner, Explosion Balloons for New Year's Decorations 2026",Toys & Games,436
B0FSSJZRC9,"HOWAF New Years Eve Party Supplies 2026, Happy New Years Party Favors Headband Cone Hats Glitter Paper Eyeglasses Noise Makers Laser Gold New Year Decorations 2026 for NYE Favor Accessories 36pcs",Toys & Games,469
B0FP3RFZQP,"2 Pack Classic Silver Bike Chain Metal Fidget Spinners for Adults & Teen & Kids 8-12, Cool Gadgets Office Desk Toy Stress Relief Items for Autism ADHD Anxiety Stocking Stuffers for Teen Boys Men Gift",Toys & Games,495
B0FJ29T4MQ,"2026 New Years Eve party supplies, Happy New Years Decorations 2026, Gold Black Balloons Supplies Set with 2026 Foil Balloons, Happy New Year Banner Champagne Golden Curtains for New Year Decoration",Toys & Games,391
B0FJ1TNHYV,"New Year Decorations 2026 Kit, Happy New Years Eve Party Supplies 2026, 2026 New Years Decoration Set with 2026 Foil Balloons Happy New Year Banner Foil Balloons, Fringe Curtains for NYE Decor",Toys & Games,398
B0FJ28XLPN,"2026 New Years Eve Party Supplies, Happy New Year Decorations 2026, New Years Decorations Kit with 2026 Balloons, Happy New Year Banner, Gold and Black Balloons, Fringe Curtain for NYE Decoration",Toys & Games,455
B0FR5C53V7,"2 Pcs Kid Apron and Chef Hat Set, Adjustable Red Chef Costume for Pretend Play, Cooking Baking Painting Gear for Toddlers Boys Girls, Birthday Gift Idea (Red)",Toys & Games,414
B0FRZGJ7Y9,"JoyCat Kids Learning Tablet, 156 Pages Tap-to-Read Flash Cards with 20 Interactive Games, Montessori Toy for Alphabet, Phonics, Words, Simple Math & Songs, Learning Toy Gifts for 2-5 Years Old",Toys & Games,490
B0FP4LVT49,"Toddler Scissor Skills Activity Book, 4 Progressive Levels to Learn Cutting for Kids Ages 3-6, 27 Fun Crafts with Child-Safe Scissors, Develop Fine Motor Skills, Ideal Christmas Gift & Arts and Crafts",Toys & Games,480
B0FJ2H9B64,"2026 New Years Eve Party Supplies, New Year Decorations 2026, Happy New Years Balloons Decoration Kit with Balloon Happy New Year Banner Foil Balloons Fringe Curtain for NYE Backdrop Decorations",Toys & Games,485
B0FKBRNNT4,"Pink Flamingo Flower Bouquet Building Set, Compatible with Lego Animal Botanical Collection – Creative Flamingo & Flower with Posable Neck and Legs, for Adult, Kids, & Flower Lovers",Toys & Games,428
B0FLQBC5CR,"30 PCS Christmas Oval Paper Plates, Large 9"" x 11"" Disposable Serving Platters, Snowman & Snowflake Holiday Plates for Xmas Parties, Winter Events & Festive Table Decor",Toys & Games,471
B0FMQ5YKT4,"40 Pcs Merry Christmas Paper Plates - Disposable Red Christmas Plates, Cute Snowman Xmas Tree Dinner Dessert Plate Tableware Kit for Winter Xmas Party Decorations Supplies Favors Table Decor, Serve 20",Toys & Games,480
B0FQBYXW7H,"Pirate Ship Building Blocks Sets,MOC Black Pearl Ship Building Toys,Pirate Boat Collectible Display for Home or Office Decor,Christmas Birthday Gift for Adults & Boys 8-14(921Pcs)",Toys & Games,470
B0FS1DMLSD,"50PCS Kids Tool Set for Boys Ages 3 4 5 6 Years Old - Pretend Play Construction Tool Kits with Portable Tool Bag & Electronic Toy Drill, Toddler Tool Set, Christmas & Birthday Gifts for Boys",Toys & Games,425
B0FRSCP558,"Princess Girl Toys for Toddlers Birthday 1 2 3 4 Year Old Girls with Lights up and Sounds, 360°Freedom and Operated Automatic Bump Dancing Princess Interactive Spin Robot Toys",Toys & Games,477
