ASIN,商品主图,商品标题,商品详情页链接,小类目,月销量,毛利率,价格($)
B0FCRT7SNL,https://m.media-amazon.com/images/I/71oxWpwUHlL._AC_US600_.jpg,MAKABO Kaftan Dresses for Women Caftans Moo Moos V Neck Beach Swimsuit Cover Up Boho Hawaii Maxi Dress,https://www.amazon.com/dp/B0FCRT7SNL,Women's Swimwear Cover Ups,500,0.57,17.99
B0FG7VTH5G,https://m.media-amazon.com/images/I/71stq4NPspL._AC_US600_.jpg,CBOO Women's Satin Button Down Shirts V-Neck Long Sleeve Tops Summer Business Office Silk Blouses Fashion Spring Shirt 2025,https://www.amazon.com/dp/B0FG7VTH5G,Women's Button-Down Shirts,499,0.62,19.99
B0FDQMYTP1,https://m.media-amazon.com/images/I/71y+sRZc-NL._AC_US600_.jpg,Womens Western Wide Waist Belt for Dress Vintage Stretchy Elastic Belt with Chunky Gold Buckle,https://www.amazon.com/dp/B0FDQMYTP1,Women's Belts,497,0.51,12.34
B0FPM46YWV,https://m.media-amazon.com/images/I/615a7qw3M4L._AC_US600_.jpg,TITOMD Women's Bell Long Sleeve Shirts 2026 Spring Boat Neck Crop Going Out Trendy Tops Ribbed Ruched Y2K Clothes,https://www.amazon.com/dp/B0FPM46YWV,Women's T-Shirts,496,0.54,19.99
B0FX36TVV3,https://m.media-amazon.com/images/I/81PbHlQhbcL._AC_US600_.jpg,LOMON Womens Short Sleeve Sweater Spring Square Neck Knit Tops Summer Fahshion Business Casual Tops,https://www.amazon.com/dp/B0FX36TVV3,Women's Pullover Sweaters,496,0.62,19.98
B0FGJTJ88V,https://m.media-amazon.com/images/I/81Q8s+UJ1CL._AC_US600_.jpg,80s 90s Outfits for Women Retro 80's Disco Party Shirt Button Down Short Sleeve Tshirt 90's Blouse Hawaiian Tops,https://www.amazon.com/dp/B0FGJTJ88V,Women's Novelty Blouses & Button-Down Shirts,496,0.54,16.99
B0FGJ3TDRK,https://m.media-amazon.com/images/I/71qZo6JG8wL._AC_US600_.jpg,Dokotoo Sweaters for Women Long Sleeve Wool Blend Crewneck Diamond Hollow Out Lightweight Soft Fall Pullover Sweater Tops,https://www.amazon.com/dp/B0FGJ3TDRK,Women's Pullover Sweaters,495,0.62,19.18
B0FTFFVSHX,https://m.media-amazon.com/images/I/81ZCB4KEK3L._AC_US600_.jpg,Zenlonr Womens Dressy Casual Tops 2026 Summer Ruffle Cap Sleeve V Neck Shirts Boho Floral Blouses Vacation Outfits,https://www.amazon.com/dp/B0FTFFVSHX,Women's Button-Down Shirts,494,0.62,19.99
B0FSZNSK8J,https://m.media-amazon.com/images/I/71ZZyo2uCFL._AC_US600_.jpg,Womens Plus Size Tops Summer Short Sleeve Casual Loose Tunic V Neck Tee T Shirts 1X-5X,https://www.amazon.com/dp/B0FSZNSK8J,Women's T-Shirts,494,0.53,13.99
B0G3B3JJKK,https://m.media-amazon.com/images/I/81A5MfcSCvL._AC_US600_.jpg,Totatuit Womens Oversized Tee Shirts Short Sleeve V Neck Blouse Side Slit Basic Tshirts Loose Fit Tunic Tops,https://www.amazon.com/dp/B0G3B3JJKK,Women's T-Shirts,492,0.52,9.98
B0G39N75NM,https://m.media-amazon.com/images/I/81Dt94X+cWL._AC_US600_.jpg,PRETTYGARDEN Womens Button Down Shirts V Neck Short Cap Sleeve Collared Plaid Tops 2026 Summer Spring Casual Blouses Clothes,https://www.amazon.com/dp/B0G39N75NM,Women's Button-Down Shirts,491,0.57,14.99
B0FD9DTHXK,https://m.media-amazon.com/images/I/71F8qD9oVNL._AC_US600_.jpg,Womens Crop Tops Acid Wash Short Sleeve T-Shirts Casual Round Neck Basic Tees Baggy Summer Shirts,https://www.amazon.com/dp/B0FD9DTHXK,Women's T-Shirts,490,0.58,16.99
B0FHJ3R32Z,https://m.media-amazon.com/images/I/61gYhLJ23DL._AC_US600_.jpg,Magical T Shirt Women Believe in Magic Tees Cute Graphic Printed V Neck Tee Family Vacation Trip Short Sleeve Shirt Top,https://www.amazon.com/dp/B0FHJ3R32Z,Women's T-Shirts,489,0.59,16.99
B0FPLWVYX7,https://m.media-amazon.com/images/I/81BLB--zmjL._AC_US600_.jpg,CRAZY GRID 3/4 Length Sleeve Womens Tops V-Neck Lace Tunic Button Down Business Casual Blouses Fall Trendy Outfits 2026 S-XXL,https://www.amazon.com/dp/B0FPLWVYX7,Women's T-Shirts,484,0.55,14.99
B0FDGRG6PN,https://m.media-amazon.com/images/I/71YSAS1n09L._AC_US600_.jpg,Plus Size Long Sleeve T Shirts Women Fall Tops Tshirts Tunic Casual Tee,https://www.amazon.com/dp/B0FDGRG6PN,Women's Tunics,483,0.54,19.98
B0FHVYHB46,https://m.media-amazon.com/images/I/61ZQD0WZFVL._AC_US600_.jpg,EasyGala Womens Cotton Camisoles Lace V Neck Tank Top Spaghetti Strap Slim Fitted Sexy Cami Tops Going Out Cute Shirts,https://www.amazon.com/dp/B0FHVYHB46,Women's Tanks & Camis,483,0.62,18.99
B0FX9TJ3ND,https://m.media-amazon.com/images/I/715nq2B5E5L._AC_US600_.jpg,PICKID Valentines Couples Matching Shirts Love Heart Graphic T-Shirt Valentine Tee Tops for Husband Wife,https://www.amazon.com/dp/B0FX9TJ3ND,Women's T-Shirts,480,0.58,16.49
B0FDFRKGND,https://m.media-amazon.com/images/I/71emNii13gL._AC_US600_.jpg,Milumia Women's Polka Dots Mesh Halter Top Y2K Tie Backless V Neck Ruffle Hem Peplum Tank Tops,https://www.amazon.com/dp/B0FDFRKGND,Women's Tanks & Camis,479,0.57,19.99
B0FZTS65Q3,https://m.media-amazon.com/images/I/61T+sidkMxL._AC_US600_.jpg,FYBITBO First Birthday Baby Boy Outfit In My One Year Old Era Sweatshirt Fall Long Sleeve Shirt 1st Birthday Boy Clothes Set,https://www.amazon.com/dp/B0FZTS65Q3,Baby Boys' Pants Sets,478,0.51,16.99
B0G1YP7S15,https://m.media-amazon.com/images/I/8178UwYk07L._AC_US600_.jpg,Lomon Womens 3/4 Sleeve V Neck Bohemian Blouses Casual Loose Fit Tunic Tops Vacation Clothes,https://www.amazon.com/dp/B0G1YP7S15,Women's Tunics,476,0.62,19.99
B0FG2YN4WL,https://m.media-amazon.com/images/I/61wr5v-+q6L._AC_US600_.jpg,Smile Fish Women Crewneck Loose Fit Shirt Long Sleeve Casual T Shirts Basic Top Tees,https://www.amazon.com/dp/B0FG2YN4WL,Women's T-Shirts,476,0.53,19.99
B0FHW25BNV,"https://m.media-amazon.com/images/I/41Q2OYkavOL._AC_SR600,600_.jpg",EasyGala Womens Cotton Camisole Lace V Neck Tank Top Adjustable Spaghetti Strap Tops Backless Sexy Low Cut Slim Fitted Cami Summer Going Out Y2K Shirts Trendy Sleeveless Clothes Light Heather Grey M,https://www.amazon.com/dp/B0FHW25BNV,Women's Tanks & Camis,475,0.57,14.99
B0FNCVX59M,https://m.media-amazon.com/images/I/81XCLi1+0zL._AC_US600_.jpg,Hypoallergenic Surgical Stainless Steel Earrings for Girls Kids Jewelry - Screw Back Earrings for Sensitive Ears Cute Flower Heart Pearl bow Earrings for Women,https://www.amazon.com/dp/B0FNCVX59M,Women's Stud Earrings,475,0.61,16.99
B0FSJBXR36,https://m.media-amazon.com/images/I/61cdw7eWryL._AC_US600_.jpg,COCOMARTS Jelly Bras for Women No Underwire Seamless Push Up Bra Full Support Comfort Bralettes Wireless Plunge Everyday Bra,https://www.amazon.com/dp/B0FSJBXR36,Everyday Bras,475,0.57,19.98
B0G25KNPZ3,https://m.media-amazon.com/images/I/71S51E-ZULL._AC_US600_.jpg,OEAK Womens Minimizer Bras Underwire Full Coverage Bra Plus Size Unlined Lace Bralette Lifting Tshirt Bras for Large Breast,https://www.amazon.com/dp/B0G25KNPZ3,Everyday Bras,474,0.62,19.99
B0FSWPR7RH,https://m.media-amazon.com/images/I/91pq4LomYDL._AC_US600_.jpg,QUALFORT Sweaters for Women Long Sleeve Crewneck Soft Trendy Knit Loose Fit Pullover Sweaters 2025,https://www.amazon.com/dp/B0FSWPR7RH,Women's Pullover Sweaters,473,0.54,19.52
B0FMY6NP9Z,https://m.media-amazon.com/images/I/71goKqYv7ZL._AC_US600_.jpg,Women's Christmas Shirts Holiday Outfits Xmas Graphic Plaid Striped Raglan Long Sleeve Tops,https://www.amazon.com/dp/B0FMY6NP9Z,Women's T-Shirts,473,0.52,18.99
B0FWRBJRFR,https://m.media-amazon.com/images/I/71-rgkUGCqL._AC_US600_.jpg,Qskall 100 Days of School Shirt for Women 100th Day of School Tshirts Teacher Tee Top,https://www.amazon.com/dp/B0FWRBJRFR,Women's T-Shirts,472,0.56,19.99
B0FVCTLP3S,https://m.media-amazon.com/images/I/71x7Eukd0GL._AC_US600_.jpg,SHEWIN Womens Tops Casual Crewneck Color Block Short Sleeve Mock Double Layer T-Shirt Summer Outfits for Women 2026,https://www.amazon.com/dp/B0FVCTLP3S,Women's T-Shirts,470,0.54,13.99
B0G1C8JRMT,https://m.media-amazon.com/images/I/61KkHBqoHoL._AC_US600_.jpg,MEROKEETY Women's Summer Asymmetrical Tops 2026 Short Sleeve Boat Neck Ruched Slim Going Out T-Shirts Trendy Y2K Clothes,https://www.amazon.com/dp/B0G1C8JRMT,Women's T-Shirts,470,0.52,9.99
B0FQC39YNK,https://m.media-amazon.com/images/I/61A5seaBV7L._AC_US600_.jpg,GKBK 3/4 Length Sleeve Womens Tops Dressy Casual Blouses for Women 2025 Trendy V Neck T Shirts Summer Clothes,https://www.amazon.com/dp/B0FQC39YNK,Women's T-Shirts,470,0.54,13.99
B0FYMGG5RW,https://m.media-amazon.com/images/I/71K8nzCCt8L._AC_US600_.jpg,Astylish Womens 2026 Boho Floral Loose Spring Summer Tops Lantern Sleeve Flowy Blouses V Neck Button Down Shirts,https://www.amazon.com/dp/B0FYMGG5RW,Women's Button-Down Shirts,470,0.62,19.97
B0FJXJND5H,https://m.media-amazon.com/images/I/71KOeTbKhaL._AC_US600_.jpg,DCCISU Women's Long Sleeve Asymmetrical Cowl Neck Ribbed Tops 2026 Spring Fashion Dressy Shirt Going Out Top,https://www.amazon.com/dp/B0FJXJND5H,Women's T-Shirts,469,0.62,19.99
B0FKBQ8K5N,https://m.media-amazon.com/images/I/71iQIbhGU8L._AC_US600_.jpg,Football Shirt for Women Game Day Shirt Football Fans Mesh Tshirt Jersey V Neck Casual Short Sleeve Tops,https://www.amazon.com/dp/B0FKBQ8K5N,Women's T-Shirts,469,0.58,17.99
B0FH24L9V8,https://m.media-amazon.com/images/I/61cH4YR6WxL._AC_US600_.jpg,Tiny Cutey Toddler Baby Girl Boy Fall Winter Outfits Long Sleeve Hoodie Sweatshirt Sweatpant Clothes Set SweatSuit with Cap,https://www.amazon.com/dp/B0FH24L9V8,Baby Girls' Pant Sets,467,0.58,17.98
B0G1H2H4NS,https://m.media-amazon.com/images/I/610bLwmWRWL._AC_US600_.jpg,FIASASO 4 PCS Chunky Stackable Rings for Women Non Tarnish 16K Gold Plated Rings Dainty Knuckle Thumb Ring Set Trendy Cute Statement Wedding Promise Engagement Band Ring Size 5-10,https://www.amazon.com/dp/B0G1H2H4NS,Women's Statement Rings,467,0.56,9.99
B0FTG694G3,https://m.media-amazon.com/images/I/71XtJCl457L._AC_US600_.jpg,Sialois Short Sleeve Women T Shirts V Neck Tops Fashion Banded Bottom Tops Summer Spring Outfits Beach Vacation Clothes 2026,https://www.amazon.com/dp/B0FTG694G3,Women's T-Shirts,467,0.54,9.99
B0FFGL25TM,https://m.media-amazon.com/images/I/61XcCg-rO5L._AC_US600_.jpg,Fernvia Toddler Baby Boy Fall Clothes Animal Print Long Sleeve Pullover Tops + Drawstring Pants Winter Outfits,https://www.amazon.com/dp/B0FFGL25TM,Baby Boys' Pants Sets,465,0.57,19.99
B0G26D75NW,https://m.media-amazon.com/images/I/71UE+Rt5zRL._AC_US600_.jpg,"Ubras Breathable Jelly Wireless Bra, Supportive Seamless Bra for Women Comfortable Bra",https://www.amazon.com/dp/B0G26D75NW,Everyday Bras,464,0.57,19.99
B0FFT7J8MF,https://m.media-amazon.com/images/I/71-MzsVaD6L._AC_US600_.jpg,Women's Plus Size Short Sleeve Tops Curved V Neck Casual Loose Fit Shirts Summer Blouses 2025 Trendy Clothes,https://www.amazon.com/dp/B0FFT7J8MF,Women's T-Shirts,462,0.52,12.99
B0FFT76LW2,https://m.media-amazon.com/images/I/71AaCJzF5tL._AC_US600_.jpg,Women's Plus Size Short Sleeve Tops Curved V Neck Casual Loose Fit Shirts Summer Blouses 2025 Trendy Clothes,https://www.amazon.com/dp/B0FFT76LW2,Women's T-Shirts,462,0.54,13.99
B0FG2TSWJN,https://m.media-amazon.com/images/I/81pDc135TGL._AC_US600_.jpg,IMAGEKOPE Women 2025 Summer Kaftan Dresses Plus Size Bathing Suit Cover Up Moo Moos Beach Dress for Swimwear Caftan Dress,https://www.amazon.com/dp/B0FG2TSWJN,Women's Swimwear Cover Ups,462,0.6,19.99
B0FX4825SS,https://m.media-amazon.com/images/I/71jrCM-xvkL._AC_US600_.jpg,Y2k V Neck Floral Tops Women Fairy Grunge Vintage Long Sleeve Top 2000s Emo Graphic Cute Teen Girls Clothe,https://www.amazon.com/dp/B0FX4825SS,Women's T-Shirts,457,0.59,16.99
B0FL2Q2JBK,https://m.media-amazon.com/images/I/718s6ULVNOL._AC_US600_.jpg,"Pack Front Closure Bras for Women Full Coverage Lace Wireless Bralettes, Soft Breathable Support Wirefree Everyday Bras",https://www.amazon.com/dp/B0FL2Q2JBK,Everyday Bras,455,0.53,19.99
B0FSKWX1S5,"https://m.media-amazon.com/images/I/41MJnk4vEcL._AC_SR600,600_.jpg",GKBK Tank Tops for Women Spaghetti Strap Ribbed Camisole Tops 2026 Slim Fitted V-Neck Soft Basic Layering Shirts,https://www.amazon.com/dp/B0FSKWX1S5,Women's Tanks & Camis,455,0.54,9.99
B0FX3L6C5H,https://m.media-amazon.com/images/I/71zMQEWAw9L._AC_US600_.jpg,AKEWEI 3/4 Sleeve Babydoll Tops for Women Peplum Shirts Ladies Tunics and Blouses Dressy Casual Spring Fashion Clothing,https://www.amazon.com/dp/B0FX3L6C5H,Women's T-Shirts,454,0.52,9.94
B0FD9PNYSL,https://m.media-amazon.com/images/I/81O2akFwn-L._AC_US600_.jpg,Fommy Baby Boy Clothes Flannel Plaid Outfits Long Sleeve Hoodie Romper Fall Winter 2 Pcs Clothes for Boy,https://www.amazon.com/dp/B0FD9PNYSL,Baby Boys' Pants Sets,453,0.62,19.99
B0FHH3BN9T,https://m.media-amazon.com/images/I/71jJIzTXK1L._AC_US600_.jpg,YUCOLEN Long Sleeve Shirts for Women Pleated Dressy Casual Business Blouses Crew Neck Loose Trendy Tunic Tops,https://www.amazon.com/dp/B0FHH3BN9T,Women's Tunics,452,0.54,14.99
B0FX2SGD6Y,https://m.media-amazon.com/images/I/71+VWQR9ySL._AC_US600_.jpg,Tankaneo Womens Striped V Neck Blouses Short Puff Sleeve Dressy Casual Shirts Summer Trendy Loose Fit Tunic Tops,https://www.amazon.com/dp/B0FX2SGD6Y,Women's Tunics,451,0.62,19.99
B0FKZCC89R,https://m.media-amazon.com/images/I/611Qly1v6NL._AC_US600_.jpg,YIZHONG Detachable Collar Faux Shirt Dickie Collars for Women Men,https://www.amazon.com/dp/B0FKZCC89R,Women's Button-Down Shirts,450,0.55,17.99
B0G2S312D7,https://m.media-amazon.com/images/I/71XtEixUDKL._AC_US600_.jpg,SHEWIN Womens Summer Tops Short Sleeve T-Shirts Western Graphic Crew Neck Casual Cute Tees 2026 Clothes,https://www.amazon.com/dp/B0G2S312D7,Women's T-Shirts,448,0.54,13.99
B0FY29W3Q4,https://m.media-amazon.com/images/I/61rJCyc4b5L._AC_US600_.jpg,JUSTFASHIONNOW Women's Short Sleeve Flowy V Neck Tunic Tops for Leggings Loose Fit Dressy Casual Summer Beach Basic T Shirts,https://www.amazon.com/dp/B0FY29W3Q4,Women's T-Shirts,447,0.54,13.98
B0FLJJTCCW,https://m.media-amazon.com/images/I/71rLC4e+OuL._AC_US600_.jpg,EVERGIFTKIDS Newborn Baby Girl Clothes Ribbed Knit Romper Heart Daisy Print Pants for 0 3 6 12 18 24 Months Girl Outfits,https://www.amazon.com/dp/B0FLJJTCCW,Baby Girls' Pant Sets,447,0.58,16.99
B0FY6BCRM7,https://m.media-amazon.com/images/I/71glPqWyLjL._AC_US600_.jpg,Women’s Linen Button Down Work Shirts Long Sleeve Solid Blouses,https://www.amazon.com/dp/B0FY6BCRM7,Women's Button-Down Shirts,447,0.6,17.99
B0FJFXRLQ5,https://m.media-amazon.com/images/I/81VQWqPN65L._AC_US600_.jpg,"Acelitt Women Casual Color Block Long Sleeve V Neck Waffle Knit Shirts Tops,S-XXL",https://www.amazon.com/dp/B0FJFXRLQ5,Women's Button-Down Shirts,446,0.54,19.99
B0FX2R8LSF,https://m.media-amazon.com/images/I/8146g8fcS3L._AC_US600_.jpg,SHEWIN Womens Summer Tops Hollow Out Beach Crochet Cover Ups V Neck 3/4 Sleeve Pullover Sweater Shirts,https://www.amazon.com/dp/B0FX2R8LSF,Women's Pullover Sweaters,446,0.6,19.99
B0FKBH854N,https://m.media-amazon.com/images/I/71aX7krHKZL._AC_US600_.jpg,Bliwov Womens V Neck T-Shirts Short Sleeve Ruched Buttons Tops Dressy Casual Business Blouses 2026 Spring Summer Tees S-3XL,https://www.amazon.com/dp/B0FKBH854N,Women's T-Shirts,445,0.52,12.99
B0FG7TQ5V9,https://m.media-amazon.com/images/I/81fa3A+fm4L._AC_US600_.jpg,Hummingbird Shirt for Women-Cat Shirts Butterfly Tee Cute Animals Lover Flower Graphic Short Sleeve Tops,https://www.amazon.com/dp/B0FG7TQ5V9,Women's T-Shirts,444,0.56,14.99
B0FZG136SQ,https://m.media-amazon.com/images/I/7118gik7Z0L._AC_US600_.jpg,EasyGala Womens Babydoll Long Sleeve Peplum Tops Sexy Y2k Square Neck Henley Shirts Cute Going Out Top Winter 2026,https://www.amazon.com/dp/B0FZG136SQ,Women's T-Shirts,443,0.59,17.99
B0FQCD81C4,https://m.media-amazon.com/images/I/61EhHOnukJL._AC_US600_.jpg,"UYY Chunky Gold Rings for Women Non Tarnish, Baroque Pearl Flower Tiger's Eye Stone Rings Adjustable Stacking Statement Rings Set Fashion Jewelry Gifts",https://www.amazon.com/dp/B0FQCD81C4,Women's Statement Rings,443,0.53,13.99
B0FHJZZDTP,https://m.media-amazon.com/images/I/71fIyh0LlaL._AC_US600_.jpg,ZESICA Womens 2026 Spring Summer Lace Mesh Sleeve Tops Going Out Double Lined Slim Fit Asymmetrical Shirts Date Night Outfit,https://www.amazon.com/dp/B0FHJZZDTP,Women's T-Shirts,443,0.61,18.99
B0F9K1FP85,https://m.media-amazon.com/images/I/51J68FcElaL._AC_US600_.jpg,"EXTREE Gold Buckle Belts for Women, Fashion Waist Band, Elegant Ladies' Belt, Gift for Women,Ideal for Dresses, Jeans",https://www.amazon.com/dp/B0F9K1FP85,Women's Belts,443,0.54,16.99
B0FF4M9PSH,https://m.media-amazon.com/images/I/81Lt0e9kBeL._AC_US600_.jpg,sweetabby Toddler Baby Girl Clothes Long Sleeve Hoodies Sweatshirt Pants Fall Sweatsuit Outfits Baby Clothes for Girls,https://www.amazon.com/dp/B0FF4M9PSH,Baby Girls' Pant Sets,443,0.52,12.98
B0FLDLDQKP,https://m.media-amazon.com/images/I/81+2m993LBL._AC_US600_.jpg,"SUOSDEY Wide Western Disc Belt with Turquoise Women Cowgirl Cowboy Boho Country Leather Belts for Jeans Dress, Width 2.36""",https://www.amazon.com/dp/B0FLDLDQKP,Women's Belts,442,0.52,16.99
B0FHP42WD3,https://m.media-amazon.com/images/I/810Jvo8a5zL._AC_US600_.jpg,AKEWEI 3/4 Length Sleeve Womens Tops V Neck T Shirts Dressy Casual Pleated Spring Fashion 2026 Work Blouses,https://www.amazon.com/dp/B0FHP42WD3,Women's Novelty Blouses & Button-Down Shirts,442,0.56,14.99
B0FSQJJ3Y4,https://m.media-amazon.com/images/I/71TgnexMQEL._AC_US600_.jpg,SHEWIN Womens Spring Tops 2026 Summer Shirts Crochet 3/4 Length Sleeve Sweater Pullover Cute Beach Vacation Clothes,https://www.amazon.com/dp/B0FSQJJ3Y4,Women's Pullover Sweaters,440,0.6,19.98
B0FS6NZ8YT,https://m.media-amazon.com/images/I/61WbxSRL3BL._AC_US600_.jpg,MILACOLATO 6 Pairs Silver Earrings Stacks for Women Trendy Dainty 14K Gold Plated Small Stud Huggie Hoop Earring Sets for Multiple Piercing Hypoallergenic Flat Back Cartilage Earrings for Sensitive Ears,https://www.amazon.com/dp/B0FS6NZ8YT,Women's Stud Earrings,440,0.55,12.99
B0FV89ZYH5,https://m.media-amazon.com/images/I/61n4FMPX2WL._AC_US600_.jpg,"THUNARAZ 10Pairs Hypoallergenic Flat Back Earrings for Women, 14K Gold Plated Hoop Stud Earrings Set for Sensitive Ears Helix Tragus Cartilage Conch Earring for Multiple Piercings with Pendant",https://www.amazon.com/dp/B0FV89ZYH5,Women's Stud Earrings,435,0.58,14.99
B0FXWZYNBV,https://m.media-amazon.com/images/I/71BmdUTfxmL._AC_US600_.jpg,ZESICA Asymmetrical Short Sleeve Shirts for Women 2026 Summer Going Out Tops Ruched Outfits Fashion Y2K Clothes,https://www.amazon.com/dp/B0FXWZYNBV,Women's T-Shirts,434,0.54,14.99
B0F99M21Q1,https://m.media-amazon.com/images/I/71zdy3VTJTL._AC_US600_.jpg,Fernvia Toddler Baby Boy Fall Clothes 2T 3T 4T Letter Print Crew Neck Long Sleeve Sweatshirt Pants 2 Pcs Outfits,https://www.amazon.com/dp/B0F99M21Q1,Baby Boys' Pants Sets,434,0.55,18.99
B0FPLY54LN,https://m.media-amazon.com/images/I/61JH6BOBcML._AC_US600_.jpg,Women Satin Lace Camisole Top Sleeveless Spaghetti Strap Silk Lace Trim Cami Top Asymmetrical Tank Top Streewear,https://www.amazon.com/dp/B0FPLY54LN,Women's Tanks & Camis,433,0.55,19.99
B0FXGXTNYF,https://m.media-amazon.com/images/I/71JY+77NzhL._AC_US600_.jpg,OCURHU 80s Shirts for Women Oversized Retro Off The Shoulder Top Disco 80s 90s Theme Party Outfit,https://www.amazon.com/dp/B0FXGXTNYF,Women's T-Shirts,431,0.58,16.99
B0FX1ZP43J,https://m.media-amazon.com/images/I/81lk2FVTq-L._AC_US600_.jpg,EVALESS Womens Sweaters Casual 2026 Spring Summer Crochet Hollow Out Tops Crewneck Long Sleeve Beach Cover Ups Cruise Outfits,https://www.amazon.com/dp/B0FX1ZP43J,Women's Pullover Sweaters,430,0.62,19.99
B0FM7TGJ3F,https://m.media-amazon.com/images/I/619t5JOH6RL._AC_US600_.jpg,ORAZIO 14K Gold Plated Stackable Rings for Women Non Tarnish Dainty Cubic Zirconia Wedding Engagement Bands Ring Set Minimalist Trendy Statement Anniversary Promise Thumb Stacking Rings Size 6-10,https://www.amazon.com/dp/B0FM7TGJ3F,Women's Statement Rings,430,0.54,12.99
B0FX26623C,https://m.media-amazon.com/images/I/71xqvxdD7QL._AC_US600_.jpg,Dokotoo Women Swimsuit Swim Cover Up 2026 Summer Bathing Suit Swimwear Sheer Beach Vacation Outfits,https://www.amazon.com/dp/B0FX26623C,Women's Swimwear Cover Ups,429,0.51,14.99
B0FZJXM248,https://m.media-amazon.com/images/I/71AJ+3PurqL._AC_US600_.jpg,100 Days of School Shirt Retro Disco Hearts 100th Day of School T-Shirt Teacher Life Tees School Celebration Gift Tops,https://www.amazon.com/dp/B0FZJXM248,Women's T-Shirts,427,0.62,19.99
B0FV8ZRZCQ,https://m.media-amazon.com/images/I/61qxrNPKFAL._AC_US600_.jpg,50th Birthday Gift for Women Vintage 1976 Shirts for Her Letter Print Retro BD Tops Casual Short Sleeve Tee,https://www.amazon.com/dp/B0FV8ZRZCQ,Women's Novelty Blouses & Button-Down Shirts,427,0.6,17.99
B0F32KPSJK,https://m.media-amazon.com/images/I/812fUIG29wL._AC_US600_.jpg,SOLY HUX Women's Long Sleeve Shirts Boho Floral Print Blouses Button Down V Neck Fitted Tops,https://www.amazon.com/dp/B0F32KPSJK,Women's Novelty Blouses & Button-Down Shirts,426,0.56,19.99
B0FZSLSW4P,https://m.media-amazon.com/images/I/71eCTzqnl6L._AC_US600_.jpg,JASGOOD 3 Pack Women Belts for Jeans Pants Ladies Leather Waist Belt Casual Fashion Trend Belt for Women with Gold Buckle,https://www.amazon.com/dp/B0FZSLSW4P,Women's Belts,426,0.55,18.99
B0FMN8G25J,https://m.media-amazon.com/images/I/818VDTTiF9L._AC_US600_.jpg,Florideco Flat Back Earrings Hypoallergenic Surgical Steel Earrings for Women Trendy Cartilage Chain Hoop Earring Studs 14K Gold Plated Star Heart CZ Flatback Stud Earring Sets for Multiple Piercing,https://www.amazon.com/dp/B0FMN8G25J,Women's Stud Earrings,425,0.6,16.99
B0FVSFGLR6,https://m.media-amazon.com/images/I/61I011zvf4L._AC_US600_.jpg,Fisoew Womens Off the Shoulder Sweatshirts Wide Neckline Oversized Pullovers Long Sleeve Y2k Trendy Loose Fit Tunic Tops Black,https://www.amazon.com/dp/B0FVSFGLR6,Women's Tunics,424,0.59,19.99
B0FCTQP7HV,https://m.media-amazon.com/images/I/81jfDAKjYxL._AC_US600_.jpg,NQIYOOH No Show Elastic Belts for Women with Invisible Flat Buckle Stretch Web Strap Belt for Jeans Pants Dresses,https://www.amazon.com/dp/B0FCTQP7HV,Women's Belts,424,0.55,13.99
B0FS7CNQJQ,https://m.media-amazon.com/images/I/71+4OwaevwL._AC_US600_.jpg,Dokotoo Womens Summer Tops 2026 Crewneck Short Sleeve Hollow Out T-Shirts Casual Loose Solid Color Blouses Shirts,https://www.amazon.com/dp/B0FS7CNQJQ,Women's T-Shirts,424,0.59,16.99
B0FNCSNZ5M,https://m.media-amazon.com/images/I/81dxTNwZb9L._AC_US600_.jpg,"Angelhood Front Closure Bras for Women, Wireless Bra with Jelly Support, Supportive Mastectomy Bras Padded Bralette",https://www.amazon.com/dp/B0FNCSNZ5M,Everyday Bras,423,0.57,19.99
B0FHFJH9Q7,https://m.media-amazon.com/images/I/71L0IXCsU1L._AC_US600_.jpg,ACLOKOO 4 Pack Interlocked Stackable Rings for Women - 14K Gold Plated Statement 4 Mixed Metals Multi Ring Stack - Cubic Zirconia Two-Toned Connected Bands Stacking Jewelry,https://www.amazon.com/dp/B0FHFJH9Q7,Women's Statement Rings,423,0.58,14.99
B0FMF2H1QZ,https://m.media-amazon.com/images/I/71q1wk2zjKL._AC_US600_.jpg,Abardsion Women Boat Neck Tops Cotton Long Sleeve Shirts Slim Fitted Fall Spring Y2K Clothes Outfits 2026,https://www.amazon.com/dp/B0FMF2H1QZ,Women's T-Shirts,423,0.58,16.99
B0FH27PD5G,https://m.media-amazon.com/images/I/61SnOh+FmKL._AC_US600_.jpg,"YeGieonr Gold Signet Rings for Women Non Tarnish Gold Rings, Waterproof Gemstones Statement Ring, 18K Gold Plated Stainless Steel Gem Stone Jewelry Gift for Everyday Wear",https://www.amazon.com/dp/B0FH27PD5G,Women's Statement Rings,423,0.56,13.99
B0FYFNYV7Y,https://m.media-amazon.com/images/I/81YLl4rY3LL._AC_US600_.jpg,PICKID Valentines Shirts for Women Cute Love Heart Graphic T-Shirt 3/4 Sleeve Valentine's Gift Tees,https://www.amazon.com/dp/B0FYFNYV7Y,Women's T-Shirts,423,0.54,14.99
B0FJ1K6GF3,https://m.media-amazon.com/images/I/61H0NwVAhaL._AC_US600_.jpg,Little MISS Sassy Fall Outfits for Toddler Girl Boy Long Sleeve Smile Face Sweatshirt Top Sweatpants Clothes Set Sweatsuit,https://www.amazon.com/dp/B0FJ1K6GF3,Baby Girls' Pant Sets,421,0.62,19.99
B0FCMXPF29,https://m.media-amazon.com/images/I/81HPrwfR8HL._AC_US600_.jpg,COUXILY Wrinkle-Free & Non-Iron Women's Sleeveless Button Down Shirts Blouses with Mulberry Silk Tank Casual Work Tops,https://www.amazon.com/dp/B0FCMXPF29,Women's Tanks & Camis,420,0.62,19.99
B0G3P93Y6D,https://m.media-amazon.com/images/I/81p5UiiH2LL._AC_US600_.jpg,Blooming Jelly Womens Swimsuit Coverup Textured Bathing Suit Cover Up Swimwear V Neck Beach Dress Shirt 2026,https://www.amazon.com/dp/B0G3P93Y6D,Women's Swimwear Cover Ups,420,0.54,19.99
B0FNCJDKG8,https://m.media-amazon.com/images/I/71K-CrBZPfL._AC_US600_.jpg,LetsJoli Triangle Bralettes for Women Wireless Bras Plunge Unlined No Underwire Seamless Comfortable Everyday Bras,https://www.amazon.com/dp/B0FNCJDKG8,Everyday Bras,418,0.56,14.99
B0FV7SQPMK,https://m.media-amazon.com/images/I/718kZwSjzzL._AC_US600_.jpg,EasyGala Womens Cotton T Shirts Basic Baby Tee Crop Tops Crewneck Slim Fit Short Sleeves Tee Summer Cute Clothes 2026,https://www.amazon.com/dp/B0FV7SQPMK,Women's T-Shirts,418,0.59,16.99
B0FKH1MQ4M,https://m.media-amazon.com/images/I/71jotTTwPLL._AC_US600_.jpg,Striped Button Down Shirts for Women Cotton Dress Shirt Long Sleeve Collared Blouse Tops Business Office Attire,https://www.amazon.com/dp/B0FKH1MQ4M,Women's Button-Down Shirts,417,0.51,16.99
B0FF26YVV7,https://m.media-amazon.com/images/I/71a-Wq0uTgL._AC_US600_.jpg,BAVADER Baby Boy Clothes Dinosaur Romper Adjustable Overalls Baby Boy's Clothing Infant Boy Clothes 2PCS Outfits Fall Winter,https://www.amazon.com/dp/B0FF26YVV7,Baby Boys' Pants Sets,415,0.62,19.97
B0FLJ4QNQ6,https://m.media-amazon.com/images/I/61p3vxce0qL._AC_US600_.jpg,"Kakonia Hypoallergenic Flat Back Earrings for Women Men Surgical Steel Earring for Sensitive Ears, 14K Gold Plated Stainless Steel Flatback Stud Hoop Cartilage Earring Stacks for Multiple Piercing",https://www.amazon.com/dp/B0FLJ4QNQ6,Women's Stud Earrings,415,0.6,16.99
B0FRZG9GX4,https://m.media-amazon.com/images/I/81kuMlmTjAL._AC_US600_.jpg,LOYALLOOK Gold Stud Earrings for Women Hypoallergenic - 14K Gold Plated Surgical Steel Earrings for Sensitive Ear Women Dainty Cute Heart Flower Bow Earrings Set Cubic Zirconia Earrings Studs,https://www.amazon.com/dp/B0FRZG9GX4,Women's Stud Earrings,413,0.61,16.99
B0G2RGF1S4,https://m.media-amazon.com/images/I/81QFEsbMpPL._AC_US600_.jpg,LUYYA Women's 3/4 Sleeve Tops Pleated V Neck Blouse Business Casual Tunic Top Loose Fit Work Shirts 2026,https://www.amazon.com/dp/B0G2RGF1S4,Women's Tunics,413,0.6,19.99
B0FV2ZVLGR,https://m.media-amazon.com/images/I/81y35qb8PVL._AC_US600_.jpg,Dokotoo Beach Cover Ups for Women Sexy Deep V Neck Crochet Swimsuit Knit Hollow Out Cover Up Dress Summer Vacation,https://www.amazon.com/dp/B0FV2ZVLGR,Women's Swimwear Cover Ups,413,0.55,19.99
B0FJRH5GL6,https://m.media-amazon.com/images/I/6144vbiAqAL._AC_US600_.jpg,Women Y2k Short Sleeve Button Up Shirt Lapel Collar V Neck Plaid Open Front Blouse Basic Casual Going Out T-Shirt,https://www.amazon.com/dp/B0FJRH5GL6,Women's Button-Down Shirts,412,0.59,9.98
B0FQ5L3C2X,https://m.media-amazon.com/images/I/61Ef4BLvo6L._AC_US600_.jpg,JUSTFASHIONNOW Long Sleeve Shirts for Women Lace V Neck Tunic Tops Dressy Business Casual Blouses Trendy Cute Winter Clothes,https://www.amazon.com/dp/B0FQ5L3C2X,Women's T-Shirts,410,0.58,13.99
B0FX2MMFXV,https://m.media-amazon.com/images/I/71BtA0LpyHL._AC_US600_.jpg,IN'VOLAND Women Blouses Plus Size Dressy Floral Tunic Tops Bell Sleeve Lightweight Shirts Purple 1X,https://www.amazon.com/dp/B0FX2MMFXV,Women's Tunics,408,0.62,9.99
B0FDB8TS8M,https://m.media-amazon.com/images/I/81jnPbem46L._AC_US600_.jpg,Cicy Bell Womens Puff Long Sleeve Blouse Gingham Pleated V Neck Button Down Shirts Loose Fit Dressy Casual Fall Tops,https://www.amazon.com/dp/B0FDB8TS8M,Women's Button-Down Shirts,408,0.62,19.99
B0FHKT26LZ,https://m.media-amazon.com/images/I/71IqLz5zFkL._AC_US600_.jpg,YUCOLEN Womens Tunic Tops Long Sleeve Shirts to Wear with Leggings Loose Fit Crewneck Curved Hem Basic Casual,https://www.amazon.com/dp/B0FHKT26LZ,Women's Tunics,408,0.54,14.98
B0FKBKRKHZ,https://m.media-amazon.com/images/I/714Z8Ey7rSL._AC_US600_.jpg,EasyGala Women Cotton Bell Long Sleeve Shirts Round Neck Fitted Shirt Trendy Going Out Tops Y2K Fall Clothes 2026,https://www.amazon.com/dp/B0FKBKRKHZ,Women's T-Shirts,407,0.52,12.59
B0FVXVLK94,https://m.media-amazon.com/images/I/81iL1W2M64L._AC_US600_.jpg,LOMON Women's Dressy 3/4 Length Sleeve Tops Business Casual Blouses Summer Tees Shirts,https://www.amazon.com/dp/B0FVXVLK94,Women's Tunics,407,0.56,14.99
B0FSQJ1H4R,https://m.media-amazon.com/images/I/71cukRYJKPL._AC_US600_.jpg,EVALESS Off The Shoulder Loose Knit Summer Sweater for Women Beach Vacation Clothes for Women Trendy 2026,https://www.amazon.com/dp/B0FSQJ1H4R,Women's Pullover Sweaters,407,0.54,14.99
B0FQBTT57C,https://m.media-amazon.com/images/I/8128ELCk5vL._AC_US600_.jpg,PRETTYGARDEN Women's 2026 Summer Sweater Vest Knit Cap Sleeve Hollow Out Tank Tops Crochet Coverup Spring Fashion Clothing,https://www.amazon.com/dp/B0FQBTT57C,Women's Tanks & Camis,406,0.56,14.99
B0FWBHN1FP,https://m.media-amazon.com/images/I/81alVkPKOeL._AC_US600_.jpg,Gleeneat Crochet Swimsuit Coverup for Women Boat Neck Bathing Suit Cover Up 2026 Summer Sexy Beach Caftan Dress,https://www.amazon.com/dp/B0FWBHN1FP,Women's Swimwear Cover Ups,405,0.56,19.99
B0FHDM21LD,https://m.media-amazon.com/images/I/71oIjzyrbRL._AC_US600_.jpg,"Sundurich Gold Stackable Rings for Women Non Tarnish,14K Gold Plated Minimalist Waterproof Thin Wedding Silver Stacking Band Ring Dainty Trendy Statement Rings Set Size 5-10",https://www.amazon.com/dp/B0FHDM21LD,Women's Statement Rings,405,0.56,13.99
B0FPFJ9GH9,https://m.media-amazon.com/images/I/814zy3M2WwL._AC_US600_.jpg,siliteelon Blouses for Women Dressy Casual 3/4 Sleeve Ruffle Bell Top Ladies Business Work Shirt Fashion Clothing Trendy,https://www.amazon.com/dp/B0FPFJ9GH9,Women's Novelty Blouses & Button-Down Shirts,403,0.59,17.99
B0FK8PWKS2,https://m.media-amazon.com/images/I/71kX1Q13LfL._AC_US600_.jpg,Upushall Women's Racerback Sexy Sheer Front Closure Plunge Bra Balconette See-Through Unlined Underwire Bras,https://www.amazon.com/dp/B0FK8PWKS2,Everyday Bras,403,0.57,14.99
B0FH42SSZS,https://m.media-amazon.com/images/I/718ITAOCiWL._AC_US600_.jpg,Kucnuzki Baby Toddler Girl Clothes Long Sleeve Crewneck Sweatshirt Tops Sweatpant Sweatsuit Baby Girl Fall Winter Outfit,https://www.amazon.com/dp/B0FH42SSZS,Baby Girls' Pant Sets,403,0.5,17.24
B0FH9W3STS,https://m.media-amazon.com/images/I/71jhu-shyML._AC_US600_.jpg,Florideco Hypoallergenic Flat Back Earrings Gold Cartilage Earring Sets for Multiple Piercing Surgical Stainless Steel Earrings for Women Trendy Earring Stacks Small Hoops Flat Back Stud Earrings,https://www.amazon.com/dp/B0FH9W3STS,Women's Stud Earrings,402,0.55,12.99
B0FZB5P658,https://m.media-amazon.com/images/I/61bGeml3XfL._AC_US600_.jpg,EVALESS Blouses for Women Dressy Casual 3/4 Length Sleeve Lace Patchwork Business Work Tops,https://www.amazon.com/dp/B0FZB5P658,Women's Novelty Blouses & Button-Down Shirts,400,0.62,19.99
